{
 "intents": [
   {
    "intent": "NearestStop",
    "slots": [
      {
       "name": "mode"
       "type": "LIST_OF_MODES"
      },
      {
       "name": "location"
       "type": "LIST_OF_LOCATIONS"
      }
     ]
   },
   {
    "intent": "DirectionStop",
    "slots": [
      {
       "name": "mode"
       "type": "LIST_OF_MODES"
      },
      {
       "name": "location"
       "type": "LIST_OF_LOCATIONS"
      }
     ]
   },
   {
    "intent": "WhichLine",
    "slots": [
      {
       "name": "mode"
       "type": "LIST_OF_MODES"
      },
      {
       "name": "stopname"
       "type": "LIST_OF_STOPS"
      }
     ]
   },
   {
    "intent": "GetJourney",
    "slots": [
      {
       "name": "locationa"
       "type": "LIST_OF_LOCATIONS"
      },
      {
       "name": "locationb"
       "type": "LIST_OF_LOCATIONS"
      },
      {
       "name": "date"
       "type": "AMAZON.DATE"
      },
      {
       "name": "time"
       "type": "AMAZON.TIME"
      }
     ]
   },
   {
    "intent": "GetJourneyESC",
    "slots": [
      {
       "name": "locationa"
       "type": "LIST_OF_LOCATIONS"
      },
      {
       "name": "locationb"
       "type": "LIST_OF_LOCATIONS"
      },
      {
       "name": "date"
       "type": "AMAZON.DATE"
      },
      {
       "name": "time"
       "type": "AMAZON.TIME"
      }
     ]
   },
   {
    "intent": "GetJourneySTEPFREE",
    "slots": [
      {
       "name": "locationa"
       "type": "LIST_OF_LOCATIONS"
      },
      {
       "name": "locationb"
       "type": "LIST_OF_LOCATIONS"
       },
      {
       "name": "date"
       "type": "AMAZON.DATE"
      },
      {
       "name": "time"
       "type": "AMAZON.TIME"
      }
     ]
   },
   {
    "intent": "GetJourneyVia",
    "slots": [
      {
       "name": "locationa"
       "type": "LIST_OF_LOCATIONS"
      },
      {
       "name": "locationb"
       "type": "LIST_OF_LOCATIONS"
      },
      {
       "name": "locationc"
       "type": "LIST_OF_LOCATIONS"
       },
      {
       "name": "date"
       "type": "AMAZON.DATE"
      },
      {
       "name": "time"
       "type": "AMAZON.TIME"
      }
     ]
   },
   {
    "intent": "GetJourneyViaESC",
    "slots": [
      {
       "name": "locationa"
       "type": "LIST_OF_LOCATIONS"
      },
      {
       "name": "locationb"
       "type": "LIST_OF_LOCATIONS"
      },
      {
       "name": "locationc"
       "type": "LIST_OF_LOCATIONS"
      },
      {
       "name": "date"
       "type": "AMAZON.DATE"
      },
      {
       "name": "time"
       "type": "AMAZON.TIME"
      }
     ]
   },
   {
    "intent": "GetJourneyViaSTEPFREE",
    "slots": [
      {
       "name": "locationa"
       "type": "LIST_OF_LOCATIONS"
      },
      {
       "name": "locationb"
       "type": "LIST_OF_LOCATIONS"
      },
      {
       "name": "locationc"
       "type": "LIST_OF_LOCATIONS"
      },
      {
       "name": "date"
       "type": "AMAZON.DATE"
      },
      {
       "name": "time"
       "type": "AMAZON.TIME"
      }
     ]
   },
   {
    "intent": "ListStops",
    "slots": [
      {
       "name": "line"
       "type": "LIST_OF_LINES"
      }
     ]
   },
   {
    "intent": "LineStatus",
    "slots": [
      {
       "name": "line"
       "type": "LIST_OF_LINES"
      }
     ]
   },
   {
    "intent": "NearestOyster",
    "slots": [
      {
       "name": "location"
       "type": "LIST_OF_LOCATIONS"
      }
     ]
   },
   {
    "intent": "AMAZON.HelpIntent",
   },
   {
    "intent": "AMAZON.YesIntent",
   },
   {
    "intent": "AMAZON.StopIntent",
   },
   {
    "intent": "AMAZON.CancelIntent",
   }
  ]
}